id_socio,nombre,correo,plan,fecha_inscripcion,ciudad,activo,telefono,edad,antiguedad_dias,trimestre_inscripcion,requiere_seguimiento,precio_plan_cop,grupo_edad
38,Carolina Castaño Cardona,carolina.castano.cardona@gmail.com,Trimestral,2026-06-11,Bogotá,False,3031045619,27,111,2,True,240000,Adulto (26-45)
12,Juan Henao Salazar,juan.henao.salazar@gmail.com,Mensual,2026-03-03,Envigado,True,3288381788,68,211,1,False,90000,Mayor (46+)
28,Santiago Ospina Jaramillo,santiago.ospina.jaramillo@gmail.com,Mensual,2026-07-25,Bogotá,True,3157777031,66,67,3,False,90000,Mayor (46+)
25,Felipe Mejía Ramírez,felipe.mejia.ramirez@gmail.com,Mensual,2026-07-19,Bogotá,True,3037688992,21,73,3,False,90000,Joven (<=25)
41,Alejandra Martínez Muñoz,,Trimestral,2026-05-05,Medellín,True,3026470278,62,148,2,False,240000,Mayor (46+)
46,Laura Mejía Ramírez,laura.mejia.ramirez@gmail.com,Anual,2026-01-19,Bogotá,True,3153518370,54,254,1,False,800000,Mayor (46+)
49,Mariana Mejía Torres,,Trimestral,2025-11-03,Medellín,True,3153519783,63,331,4,False,240000,Mayor (46+)
4,Andrés Ramírez Cardona,andres.ramirez.cardona@gmail.com,Trimestral,2025-09-04,Medellín,True,3057460959,63,391,3,False,240000,Mayor (46+)
37,Luisa López López,luisa.lopez.lopez@gmail.com,Trimestral,2025-10-11,Bogotá,True,3046519190,47,354,4,False,240000,Mayor (46+)
3,Daniela Mejía Ospina,daniela.mejia.ospina@gmail.com,Trimestral,2026-09-04,Medellín,True,3131906067,30,26,3,False,240000,Adulto (26-45)
36,Simón Martínez Vélez,simon.martinez.velez@gmail.com,Anual,2026-04-16,Medellín,True,3193044908,54,167,2,False,800000,Mayor (46+)
39,Camila Restrepo Vélez,camila.restrepo.velez@gmail.com,Mensual,2026-01-25,Medellín,True,3011609134,19,248,1,False,90000,Joven (<=25)
13,Santiago Salazar Gómez,santiago.salazar.gomez@gmail.com,Mensual,2026-03-29,Medellín,True,3139163121,64,185,1,False,90000,Mayor (46+)
10,Miguel Vélez Vélez,miguel.velez.velez@gmail.com,Trimestral,2026-06-12,Envigado,True,3106021478,57,110,2,False,240000,Mayor (46+)
11,Felipe Mejía Martínez,,Mensual,2025-09-15,Envigado,True,3021746076,63,380,3,False,90000,Mayor (46+)
30,Nicolás Cardona Rodríguez,nicolas.cardona.rodriguez@gmail.com,Mensual,2026-05-01,Medellín,True,3232732002,53,152,2,False,90000,Mayor (46+)
27,Alejandra Mejía Ospina,alejandra.mejia.ospina@gmail.com,Trimestral,2026-03-19,Envigado,True,3185080286,53,195,1,False,240000,Mayor (46+)
50,Daniela Álvarez Álvarez,daniela.alvarez.alvarez@gmail.com,Mensual,2025-09-09,Medellín,True,3293747487,53,386,3,False,90000,Mayor (46+)
16,Carolina Giraldo Ramírez,carolina.giraldo.ramirez@gmail.com,Trimestral,2026-06-13,Medellín,False,3089290932,68,109,2,True,240000,Mayor (46+)
26,Laura Giraldo Martínez,laura.giraldo.martinez@gmail.com,Mensual,2026-03-19,Bogotá,True,3103692658,65,195,1,False,90000,Mayor (46+)
40,Mateo Zapata Álvarez,mateo.zapata.alvarez@gmail.com,Mensual,2026-09-16,Bogotá,True,3192814675,69,14,3,False,90000,Mayor (46+)
43,Mariana Ospina Gómez,,Mensual,2026-06-20,Medellín,True,,59,102,2,False,90000,Mayor (46+)
17,Paula Torres Restrepo,paula.torres.restrepo@gmail.com,Mensual,2025-10-05,Itagüí,True,3046286067,53,360,4,False,90000,Mayor (46+)
21,Valentina Restrepo Gómez,valentina.restrepo.gomez@gmail.com,Mensual,2025-11-30,Medellín,True,,26,304,4,False,90000,Adulto (26-45)
31,Miguel Cardona Restrepo,miguel.cardona.restrepo@gmail.com,Anual,2026-05-31,Medellín,True,,51,122,2,False,800000,Mayor (46+)
6,Esteban Giraldo López,esteban.giraldo.lopez@gmail.com,Trimestral,2026-07-20,Bogotá,False,3158055191,48,72,3,True,240000,Mayor (46+)
47,Paula Salazar Gómez,paula.salazar.gomez@gmail.com,Mensual,2025-11-23,Bogotá,False,3215996405,61,311,4,False,90000,Mayor (46+)
7,Alejandra Vélez Martínez,alejandra.velez.martinez@gmail.com,Mensual,2026-02-21,Envigado,False,3157628735,25,221,1,False,90000,Joven (<=25)
44,Tomás Gómez Torres,tomas.gomez.torres@gmail.com,Trimestral,2026-08-26,Medellín,True,3075330370,66,35,3,False,240000,Mayor (46+)
23,Mateo Martínez Giraldo,mateo.martinez.giraldo@gmail.com,Trimestral,2026-01-09,Medellín,True,3079751286,17,264,1,False,240000,Joven (<=25)
48,Juan Martínez Salazar,juan.martinez.salazar@gmail.com,Mensual,2026-02-20,Bogotá,True,3124404507,42,222,1,False,90000,Adulto (26-45)
22,Valeria Mejía Henao,valeria.mejia.henao@gmail.com,Trimestral,2026-02-20,Envigado,True,3117485435,59,222,1,False,240000,Mayor (46+)
35,Samuel Ramírez Álvarez,samuel.ramirez.alvarez@gmail.com,Mensual,2026-02-26,Envigado,True,3294753545,40,216,1,False,90000,Adulto (26-45)
32,Miguel Jaramillo Arango,miguel.jaramillo.arango@gmail.com,Anual,2026-06-05,Bogotá,True,3171967967,63,117,2,False,800000,Mayor (46+)
1,Julián Ramírez Restrepo,julian.ramirez.restrepo@gmail.com,Mensual,2026-05-11,Envigado,True,3217387748,39,142,2,False,90000,Adulto (26-45)
2,Sebastián Álvarez Zapata,sebastian.alvarez.zapata@gmail.com,Anual,2026-03-11,Envigado,True,3065285985,46,203,1,False,800000,Mayor (46+)
42,Daniela López Castaño,daniela.lopez.castano@gmail.com,Mensual,2026-08-31,Medellín,True,3005199260,64,30,3,False,90000,Mayor (46+)
34,Miguel Ramírez Gómez,miguel.ramirez.gomez@gmail.com,Mensual,2026-01-10,Medellín,True,3037054577,42,263,1,False,90000,Adulto (26-45)
5,Carolina Vélez Henao,carolina.velez.henao@gmail.com,Anual,2026-08-23,Medellín,True,3161855655,53,38,3,False,800000,Mayor (46+)
8,Nicolás Jaramillo Martínez,nicolas.jaramillo.martinez@gmail.com,Mensual,2026-07-23,Medellín,True,,24,69,3,False,90000,Joven (<=25)
33,Santiago Ramírez Muñoz,,Anual,2026-03-12,Itagüí,True,3147050577,53,202,1,False,800000,Mayor (46+)
20,Felipe Salazar Salazar,felipe.salazar.salazar@gmail.com,Mensual,2026-05-23,Envigado,True,3004150118,39,130,2,False,90000,Adulto (26-45)
24,David Castaño Torres,,Mensual,2026-03-03,Medellín,False,3118468085,52,211,1,False,90000,Mayor (46+)
45,Tomás Álvarez López,tomas.alvarez.lopez@gmail.com,Mensual,2026-06-17,Bogotá,True,3071539336,53,105,2,False,90000,Mayor (46+)
29,Tomás Torres Restrepo,tomas.torres.restrepo@gmail.com,Mensual,2025-11-17,Medellín,True,3175325592,56,317,4,False,90000,Mayor (46+)
9,Mariana Muñoz Salazar,mariana.munoz.salazar@gmail.com,Mensual,2025-12-09,Envigado,True,3074288504,36,295,4,False,90000,Adulto (26-45)
14,Julián López Restrepo,julian.lopez.restrepo@gmail.com,Anual,2026-04-18,Envigado,True,3261896430,53,165,2,False,800000,Mayor (46+)
18,Sebastián Salazar Jaramillo,sebastian.salazar.jaramillo@gmail.com,Mensual,2026-01-10,Medellín,False,3119411159,49,263,1,False,90000,Mayor (46+)
19,Simón López Muñoz,,Mensual,2026-09-18,Envigado,False,3053502603,69,12,3,True,90000,Mayor (46+)
15,Alejandra Restrepo Castaño,alejandra.restrepo.castano@gmail.com,Anual,2026-01-21,Bogotá,True,3167843545,24,252,1,False,800000,Joven (<=25)
